name,E,nH,E_ang,E_ele,E_nb,E_oop,E_sol,E_stb,E_str,E_strain,E_tor,E_vdw,ABangle_dc,ABangle_HC1,ABangle_HC2,ABangle_HL,ABangle_LC1,ABangle_LC2,amphipathicity,ASPmax,Atom Clashes,BB Angle Outliers,BB Bond Outliers,BB Torsion Outliers,BSA,BSA_LC_HC,Contact Energy,DRT,Eint_VL_VH,HI,hyd_idx,hyd_idx_cdr,hyd_strength,hyd_strength_cdr,Packing Score,Phi Psi Outliers,pro_app_charge,pro_asa_hph,pro_asa_hyd,pro_asa_vdw,pro_cdrh1_len,pro_cdrh2_len,pro_cdrh3_len,pro_cdrl1_len,pro_cdrl2_len,pro_cdrl3_len,pro_cdr_len,pro_cdr_net_charge,pro_coeff_280,pro_coeff_diff,pro_coeff_fric,pro_debye,pro_dipole_moment,pro_eccen,pro_Fv_chml,pro_Fv_net_charge,pro_helicity,pro_henry,pro_hyd_moment,pro_mass,pro_mobility,pro_net_charge,pro_patch_cdr_hyd,pro_patch_cdr_hyd_1,pro_patch_cdr_hyd_2,pro_patch_cdr_hyd_3,pro_patch_cdr_hyd_4,pro_patch_cdr_hyd_5,pro_patch_cdr_hyd_n,pro_patch_cdr_ion,pro_patch_cdr_ion_1,pro_patch_cdr_ion_2,pro_patch_cdr_ion_3,pro_patch_cdr_ion_4,pro_patch_cdr_ion_5,pro_patch_cdr_ion_n,pro_patch_cdr_neg,pro_patch_cdr_neg_1,pro_patch_cdr_neg_2,pro_patch_cdr_neg_3,pro_patch_cdr_neg_4,pro_patch_cdr_neg_5,pro_patch_cdr_neg_n,pro_patch_cdr_pos,pro_patch_cdr_pos_1,pro_patch_cdr_pos_2,pro_patch_cdr_pos_3,pro_patch_cdr_pos_4,pro_patch_cdr_pos_5,pro_patch_cdr_pos_n,pro_patch_hyd,pro_patch_hyd_%,pro_patch_hyd_1,pro_patch_hyd_2,pro_patch_hyd_3,pro_patch_hyd_4,pro_patch_hyd_5,pro_patch_hyd_n,pro_patch_ion,pro_patch_ion_%,pro_patch_ion_1,pro_patch_ion_2,pro_patch_ion_3,pro_patch_ion_4,pro_patch_ion_5,pro_patch_ion_n,pro_patch_neg,pro_patch_neg_%,pro_patch_neg_1,pro_patch_neg_2,pro_patch_neg_3,pro_patch_neg_4,pro_patch_neg_5,pro_patch_neg_n,pro_patch_pos,pro_patch_pos_%,pro_patch_pos_1,pro_patch_pos_2,pro_patch_pos_3,pro_patch_pos_4,pro_patch_pos_5,pro_patch_pos_n,pro_pI_3D,pro_pI_seq,pro_r_gyr,pro_r_solv,pro_stability,pro_strand,pro_volume,pro_zdipole,pro_zeta,pro_zquadrupole,Rotamer Outliers,tm
DAB012116,-3445.4780560000004,-2.1,439.1223298,-5130.542782,-6147.50923,34.61925476,-770.30455996,0.0,120.3801746,48.438178070000006,2107.909388,-1016.9664094,15.40695394,71.69479124,120.160388,-63.47824576,122.4149534,83.31300502,0.59770203,0.5250926384,0.0,1.62,0.0,8.34,852.9770858,852.9770858,-264.3885318,1.242667046,-115.724387,0.7732191428,8.1969995,4.0019999,10.830936236,6.72880831,2.215779212,4.96,2.644126518,3594.149804,5675.220342,9641.449308,11.0,16.0,9.0,12.0,7.0,9.0,64.0,-1.29317419,61100.0,1.079133682e-06,3.81273997e-11,95.867409,279.9177494,0.4530736806,4.04,3.858228418,3.27192979,1.002757782,231.5696316,25.17172052,11.10886142,3.254114262,311.6,172.8,242.4,285.2,306.2,309.4,3.12,39.0,30.8,38.2,39.0,39.0,39.0,0.88,8.8,7.8,8.8,8.8,8.8,8.8,0.2,30.2,26.2,30.2,30.2,30.2,30.2,0.68,521.8,6.739293431999999,178.8,274.6,351.0,414.0,465.4,5.94,82.0,1.0574342676,42.0,68.2,79.6,82.0,82.0,1.86,27.0,0.3485236564,21.2,26.2,27.0,27.0,27.0,0.64,55.0,0.7089106168000001,38.2,51.0,55.0,55.0,55.0,1.22,8.575097656,7.4887695,17.2626362,22.72720666,-601.2092864,47.780702,23044.1775,3.891721126e-15,21.415106522,1.4717137228,1.22,-1.9677876232010465
DAB006830,-3894.816284,-1.14,506.7571116,-5727.950252000001,-6705.59616,37.52928562,-804.5460446000001,0.0,128.696306,51.79629461,2137.797132,-977.6458798,14.8434906,70.99264409999999,116.0327744,-59.798150660000005,125.277242,83.81574908,0.6175884,0.5267489694,0.06,2.06,0.0,7.38,877.4108326,877.4108326,-195.7166972,1.178472338,-114.5733374,1.2246115632,2.3050001,-0.53399998,19.83538156,12.436918628,2.233734624,5.6,-0.8536428382,3390.474724,6281.862258,10127.337322,12.0,17.0,13.0,11.0,7.0,5.0,65.0,-3.006733108,53650.0,1.047914978e-06,3.926405508e-11,95.867409,460.0020756,0.6120410966000001,5.32,-1.06787728128,3.341880324,1.002905596,696.912246,25.6569262,-3.4851553543,-1.06627950826,533.2,183.2,313.4,406.8,469.4,510.0,4.94,16.6,12.6,16.6,16.6,16.6,16.6,0.38,14.8,12.4,14.8,14.8,14.8,14.8,0.34,1.8,1.8,1.8,1.8,1.8,1.8,0.04,917.8,11.23004976,188.4,328.2,442.2,540.0,624.2,9.86,66.8,0.8158361531999999,35.4,55.6,63.6,66.8,66.8,1.52,18.0,0.2190136488,14.0,17.2,18.0,18.0,18.0,0.42,48.8,0.5968225102,31.6,45.6,48.8,48.8,48.8,1.1,6.666953125999999,6.4682617,17.466450440000003,23.4047507,-605.1589898,45.1965812,23419.845,1.0666289525999999e-15,-6.7175424918,0.538362483486,1.52,-0.8178708235857249
DAB011918,-3838.430182,-4.16,448.6318308000001,-5547.035529999999,-6556.372321999999,37.25867806,-755.5942706000001,0.0,127.8609866,55.72858733,2104.190664,-1009.336764,15.70262904,72.50832898,125.0763598,-66.64980612000001,123.2964998,74.90825626,0.6070199,0.5116275358,0.02,1.44,0.0,5.86,840.4635438,840.4635438,-263.490388,1.197702846,-110.81584282,0.559938043,8.8590002,2.7509999,11.910049942,8.139152868,2.185060742,3.2,1.921292274,3590.4700800000005,6064.907504,10117.56304,10.0,17.0,15.0,16.0,7.0,9.0,74.0,3.62854355,43110.0,1.049902716e-06,3.91901148e-11,95.867409,532.4189385999999,0.5282173788,2.32,2.776981118,2.554621886,1.002895892,250.732406,25.5897796,7.854008886,2.380097248,407.8,301.2,383.0,404.4,407.8,407.8,2.14,48.0,34.6,44.8,47.2,48.0,48.0,1.04,2.0,2.0,2.0,2.0,2.0,2.0,0.04,46.0,34.4,44.4,46.0,46.0,46.0,1.0,620.4,7.633715666,301.2,420.0,498.6,554.4,594.0,5.14,97.0,1.1900859656,42.4,69.6,83.4,90.6,94.6,2.18,27.2,0.3331315486,19.8,25.6,27.2,27.2,27.2,0.62,69.8,0.8569544136,40.0,60.0,66.6,69.0,69.8,1.56,8.394042965999999,7.4887695,17.442781540000002,23.36067612,-616.9519474,42.4033613,23496.8125,2.7631143933999996e-15,15.138487882,1.0867619066,1.6,1.3142665757010172
DAB006824,-3585.75931,-1.24,525.7201322,-5483.014218,-6447.255206000001,40.29283476,-977.4132816,0.0,129.5632116,55.789980246000006,2165.919698,-964.2410088,15.3291667,72.50365328,120.058634,-70.1536305,120.2606828,85.25399999999999,0.62083137,0.5944546062,0.0,1.48,0.0,9.78,731.1496122,731.1496122,-226.8681462,1.5160685799999998,-97.12194052,1.617124464,4.9899998,0.64999998,14.706166218,11.74217188,2.163988234,4.92,-1.26804960534,3588.465164,6778.970899999999,10882.22328,10.0,16.0,23.0,11.0,7.0,12.0,79.0,1.105645359,51130.0,1.018559894e-06,4.039534034e-11,95.867409,463.3308262,0.5586293136,5.26,-1.5018300341400002,2.6160337520000003,1.003055516,508.7275994,25.8086869,-5.0273897254,-1.5709656129,569.6,227.4,377.2,467.6,520.8,551.2,4.76,62.6,37.4,55.2,60.2,62.6,62.6,1.42,12.6,11.8,12.6,12.6,12.6,12.6,0.3,50.0,35.6,46.8,50.0,50.0,50.0,1.12,709.0,8.20100588,227.4,377.4,473.8,544.0,602.8,7.04,159.8,1.8485666514,47.0,85.6,116.0,139.6,152.6,3.66,68.0,0.7882684894,37.6,57.6,66.4,68.0,68.0,1.58,91.8,1.0602981742,42.8,71.2,87.0,91.8,91.8,2.08,6.9589843700000005,6.4047852,18.06674404,24.07909392,-599.2706226,43.96624496,23611.315,1.73484301904e-15,-9.6886617394,0.41088854944,1.5,-0.362695423737993
DAB006719,-3130.9360720000004,-2.1,456.5570686,-4792.243456,-5786.166132,32.94226494,-703.9977158,0.0,114.120063,39.14388344,2051.61058,-993.9226356,14.7375631,71.48493886,121.3063676,-65.78359734,126.944673,80.47725786,0.59883332,0.552267051,0.06,1.8,0.0,5.04,807.7910294,807.7910294,-258.859872,1.32614979,-109.99554362,1.2479249756,8.4329996,2.22,13.397132366,9.827978598,2.1469430220000003,3.6,2.486525846,3178.894516,6172.808728,9742.101654,12.0,16.0,10.0,10.0,7.0,9.0,64.0,-2.096318022,48150.0,1.074725136e-06,3.828376214e-11,95.867409,296.0329372,0.5408353718,-0.8,3.574326428,3.543859616,1.002777918,334.9820762,24.86836396,10.406053182,3.07173565,429.6,300.8,387.8,414.0,427.2,429.6,2.56,34.6,25.4,33.8,34.6,34.6,34.6,0.76,16.6,15.0,16.6,16.6,16.6,16.6,0.36,18.0,15.4,18.0,18.0,18.0,18.0,0.4,622.4,7.994179028,301.4,448.8,532.2,578.8,602.4,4.54,78.4,1.0063725374,39.0,62.4,73.6,77.6,78.4,1.8,21.0,0.270918748,17.8,21.0,21.0,21.0,21.0,0.46,57.4,0.7354537919999999,33.8,49.4,56.6,57.4,57.4,1.34,8.437402348,7.2104492,17.18183738,22.820411720000003,-593.419165,48.59649114,22831.735,3.2579083888e-15,20.05988348,0.8321468442,1.3,0.3919374760095613
DAB005034,-3288.420634,-4.16,399.768863,-4939.277856,-5863.085878,35.11777182,-1084.2385066,0.0,114.4707258,41.562289318000005,2025.307878,-923.8080134,15.4340533,67.25528132000001,118.8537012,-62.45213564,124.1073448,86.82131009999999,0.60007536,0.5176404186,0.0,1.28,0.0,6.02,680.5241494,680.5241494,-221.5377626,1.0819249012,-88.98529886,1.4835745942,4.9169998,-0.7289999699999999,9.384576698,3.4796169068,2.200862122,3.64,-4.417364944,3290.096262,5864.137326,9556.30995,10.0,17.0,6.0,11.0,7.0,9.0,60.0,-7.357394028,44140.0,1.087961968e-06,3.781809058e-11,95.867409,754.3738013999999,0.463741775,1.9,-5.847628879999999,2.321428602,1.002718078,196.9789598,24.10013606,-18.71439946,-5.447512616,187.2,78.4,137.0,172.6,184.2,187.2,2.82,171.0,78.8,123.6,154.0,167.0,171.0,3.06,167.2,78.8,123.4,152.8,164.8,167.2,2.98,3.8,3.8,3.8,3.8,3.8,3.8,0.08,525.4,6.833172988,126.4,227.0,306.0,373.0,429.6,6.76,210.8,2.7430373888000004,79.8,127.0,164.2,188.2,203.6,3.94,178.2,2.3178030788,79.2,124.8,158.2,173.4,177.4,3.22,32.6,0.4252343244,25.2,31.8,32.6,32.6,32.6,0.72,3.980996086,4.4116211,17.23922362,22.54283184,-574.0184714,45.83035706,21972.4525,5.641423834e-15,-36.0781453,2.194865774,1.44,0.1346297918962077
DAB006605,-3540.877874,-3.8,495.7752594,-5400.263482,-6382.039194,37.01234338,-1281.770021,0.0,129.213787,52.357390386,2179.15993,-981.7756928,15.64522482,67.65568112,117.3918362,-64.72365812,116.5757266,79.91129198,0.60558075,0.4986770034,0.0,3.44,0.0,8.0,1053.0822896,1053.0822896,-241.308462,1.049996085,-134.5050682,0.9917638832,4.368,0.741,9.314944154,6.351003514,2.208275362,5.84,-5.620813262,3445.69959,6393.912318,10279.907098,10.0,17.0,19.0,16.0,7.0,9.0,78.0,-5.261115722,41620.0,1.045735622e-06,3.93452288e-11,95.867409,915.3945628,0.6262552634,-10.96,-7.386079019999999,3.84297524,1.00291623,255.4620886,26.22433116,-22.887385,-6.980302134,303.4,128.2,206.8,263.6,293.0,301.4,3.72,173.2,76.0,119.8,151.6,167.6,172.4,3.28,172.4,76.0,119.8,151.6,167.6,172.4,3.26,0.8,0.8,0.8,0.8,0.8,0.8,0.02,472.2,5.691186014,130.8,221.8,291.2,348.6,395.4,6.34,221.8,2.6714374070000004,76.8,123.6,163.4,193.0,209.8,4.42,182.6,2.2006617992,76.6,121.6,154.6,173.8,182.6,3.48,39.2,0.4707756117999999,28.8,36.8,39.2,39.2,39.2,0.94,3.916757812,4.5639648,17.44294074,23.45313744,-620.989896,43.91735532,23896.3925,6.414206238e-15,-44.1142148,6.130817584,1.54,-2.099548923156968
DAB010635,-3656.26466,-2.04,463.3446732,-5397.966396,-6397.545886,36.64652848,-844.9637098000001,0.0,127.4956686,39.345023176,2113.794296,-999.5794876,15.45567262,66.06724348,119.4623502,-65.45685476,127.604455,83.40707275999999,0.58083141,0.5220175152000001,0.0,2.38,0.0,9.02,933.860847,933.860847,-213.0683528,1.1174844728,-128.1402652,1.4252043399999998,3.8010001,0.55000001,8.96115246,5.647915682000001,2.26278955,6.12,7.46538812,3305.1906780000004,5959.241812,9677.53194,10.0,17.0,15.0,11.0,7.0,8.0,68.0,5.11790358,48610.0,1.07862226e-06,3.8145693040000006e-11,95.867409,243.0921804,0.5615269672000001,1.56,10.200031484,2.232758648,1.002760136,357.7498478,25.15626068,31.35515148,9.211724792,283.4,195.0,251.4,277.2,283.4,283.4,2.36,28.0,22.8,27.2,28.0,28.0,28.0,0.62,0.0,0.0,0.0,0.0,0.0,0.0,0.0,28.0,22.8,27.2,28.0,28.0,28.0,0.62,458.0,5.864117629999999,200.0,325.0,387.2,429.2,450.0,4.22,78.8,1.0105330542,44.0,66.8,74.8,78.0,78.8,1.76,5.2,0.0662910068,5.2,5.2,5.2,5.2,5.2,0.12,73.6,0.9442420452,43.0,63.2,70.4,72.8,73.6,1.64,9.468652344,9.4516602,17.05515274,22.738110780000003,-600.7317782,42.49137923999999,22999.6525,1.0821479658e-14,60.44480014,3.735182598,1.7,1.0627222757851649
DAB006845,-3251.509302,-0.22,445.2528464,-4925.65679,-5918.755138,33.60363994,-902.1939446,0.0,117.3389108,48.944110338,2071.050432,-993.0983322,14.79865202,70.1580467,117.24491,-66.46387602,123.0168058,80.6564393,0.59064907,0.5299269266000001,0.0,2.44,0.0,7.44,855.4180782,855.4180782,-231.20208,1.337612334,-116.51912012,0.36929158386,8.1149998,1.781,14.196470938,8.78496501,2.187078096,7.68,-4.136406844,3132.562732,6062.981221999999,9585.721804,10.0,17.0,12.0,14.0,7.0,11.0,71.0,-6.1963936760000005,50100.0,1.08062031e-06,3.80751091e-11,95.867409,420.054108,0.5256158858,-0.06,-5.487772208,5.025641016,1.002751058,346.4687394,25.072449260000003,-17.4072909,-5.102383196,398.0,214.4,302.0,358.2,385.6,395.0,3.62,90.0,59.6,81.4,88.2,89.2,90.0,1.58,86.8,59.6,81.4,85.0,86.0,86.8,1.5,3.2,3.2,3.2,3.2,3.2,3.2,0.08,676.2,8.745747248,216.0,321.8,407.2,475.6,535.2,7.64,124.4,1.6049695048,61.8,94.4,111.0,120.8,122.6,2.36,95.6,1.2324555384,59.6,83.4,92.0,93.8,94.8,1.7,28.8,0.3725139738,23.2,27.2,28.8,28.8,28.8,0.66,3.953828124,4.652832,17.06656244,22.6960368,-604.4647477999999,42.9487179,22896.0025,5.6633640859999986e-15,-33.557174960000005,2.097422453,0.96,0.2841327760456242
DAB001535,-3798.358318,-4.12,403.2126482,-5411.609721999999,-6353.780604,34.27554718,-535.188164,0.0,120.866252,48.02274816400001,1997.067828,-942.1708672,14.51539962,69.83496596,121.7574192,-70.51868596,124.0089368,75.92300962,0.60233128,0.4913298732,0.02,1.78,0.0,4.74,735.3242606,735.3242606,-232.3432604,1.054703457,-98.45257856,0.6970853848,5.5840001,1.324,11.1288438,7.346669092,2.209165606,3.08,1.8832727534,3423.629296,5846.939162,9665.87851,10.0,19.0,4.0,11.0,7.0,9.0,60.0,1.820671994,48610.0,1.083073252e-06,3.798966638e-11,95.867409,153.0075846,0.5092743164,-2.08,2.676071704,3.294642874,1.002740106,488.502167,24.32700184,7.943729638,2.3186734638,352.8,167.4,260.2,316.0,342.2,350.8,3.5,40.0,29.4,38.4,40.0,40.0,40.0,0.9,9.6,8.8,9.6,9.6,9.6,9.6,0.22,30.4,25.4,30.4,30.4,30.4,30.4,0.68,564.4,7.274207652,169.2,279.8,367.0,437.2,492.6,6.3,69.2,0.8905843336,36.6,58.8,67.6,69.2,69.2,1.58,19.4,0.2497112894,16.2,19.4,19.4,19.4,19.4,0.46,49.8,0.6408730352,31.6,44.2,49.0,49.8,49.8,1.12,8.249609374,7.4448242,17.09396906,22.64510552,-578.3479912,49.19642858,22229.0025,2.5158980678e-15,15.313819916,0.8803575354000001,1.96,0.4877638759775044
DAB006860,-3556.695966,-0.22,430.2567846,-5238.573662,-6292.003346,33.40529664,-697.8197538000001,0.0,117.839796,35.350925452,2153.805542,-1053.429696,14.68456094,72.00259338,115.8311542,-77.41974262,117.3205572,73.65248016,0.57257932,0.5052996026000001,0.0,1.32,0.0,5.18,868.1573390000001,868.1573390000001,-262.105554,1.1072596308,-118.32278546,0.8823422052,9.0150003,0.917,9.402833286,6.110977266,2.151225668,3.92,-0.25039821076,3449.66566,5732.869498000001,9606.833984,10.0,17.0,18.0,13.0,7.0,12.0,77.0,-3.653856974,66600.0,1.072220812e-06,3.83731459e-11,95.867409,281.412499,0.5622115562,0.16,0.01983009252,7.54999996,1.00278948,593.6691714,25.62854476,-1.04579576122,-0.31396390792,303.8,194.2,257.0,287.0,299.6,303.8,2.76,20.0,19.0,20.0,20.0,20.0,20.0,0.48,18.0,18.0,18.0,18.0,18.0,18.0,0.44,2.0,2.0,2.0,2.0,2.0,2.0,0.04,487.0,6.283312506,194.4,281.4,347.0,400.8,440.8,5.58,87.8,1.13405671,45.8,70.2,83.8,87.8,87.8,1.94,34.8,0.4496871372,26.8,34.8,34.8,34.8,34.8,0.82,53.0,0.684369569,38.2,49.8,53.0,53.0,53.0,1.12,7.251171884000001,6.1635742,17.20818734,22.87369242,-622.2216569999999,44.125,23347.26,4.92437383914e-16,-2.0159739526,0.22222625945,0.74,-1.3329377234134203
DAB006823,-3556.237552,-0.86,538.8888622,-5455.841512,-6422.30242,39.1616209,-922.3686022,0.0,129.902056,43.03939162,2158.11235,-966.4608928,15.57083472,72.2700462,123.0867802,-70.95008116,122.537653,87.25027786000001,0.62552261,0.6345835008,0.02,1.32,0.0,6.34,745.9939206,745.9939206,-227.2375222,1.69915037,-101.51573682,1.953487106,4.7719998,0.39300001,15.15729938,11.985695346,2.150282006,2.72,-2.252345986,3546.148814,6852.399486,10923.65838,10.0,16.0,23.0,11.0,7.0,12.0,79.0,-0.25761304478,51130.0,1.0165338278e-06,4.0475884e-11,95.867409,425.7512636,0.6161379525999999,6.4,-2.816166406,3.08860758,1.003066302,428.5619036,25.868972600000003,-8.919816704,-2.799747084,582.6,245.0,381.2,469.2,532.8,566.4,4.72,59.0,34.0,51.6,55.8,58.2,59.0,1.36,15.4,13.0,14.6,15.4,15.4,15.4,0.36,43.6,30.2,42.0,43.6,43.6,43.6,1.0,729.6,8.406252124,245.0,381.2,473.2,549.6,613.4,7.04,132.0,1.5202007802,47.4,82.8,108.0,121.6,128.8,3.04,58.8,0.676588739,34.4,50.8,57.2,58.8,58.8,1.36,73.2,0.8436120484,41.2,62.8,71.6,72.4,73.2,1.68,6.414824226,6.3793945,18.04359182,24.12710504,-601.8282714000001,42.759494020000005,23686.9625,2.7988264046000002e-15,-17.18994781,0.8115889336,1.78,-0.1949992237940921
DAB006863,-3385.716066,-2.06,432.5999852,-5078.286614,-6109.598468,33.75356024,-723.1542476,0.0,117.9485858,39.160332638,2139.580282,-1031.3118796,15.00260328,74.46051177999999,115.4832668,-75.49084012,111.7513896,80.07445256,0.57425678,0.5134982072,0.0,1.4,0.0,6.38,870.1944446,870.1944446,-258.7015624,1.159141274,-116.7114198,0.862790194,9.5550003,1.418,10.983050498,7.321656586,2.176465874,4.0,-0.3146080364299999,3437.708396,5890.1715300000005,9745.831286,10.0,17.0,18.0,13.0,7.0,12.0,77.0,-2.348240218,68090.0,1.068341586e-06,3.851238896e-11,95.867409,304.7098462,0.5140691942,0.3,0.03048451225,6.20000002,1.002807492,628.590126,25.63432366,-1.30929558628,-0.39328849587,369.4,200.0,281.4,335.0,360.2,367.4,3.5,17.4,15.6,16.6,17.4,17.4,17.4,0.38,12.6,11.6,12.6,12.6,12.6,12.6,0.28,4.8,4.8,4.8,4.8,4.8,4.8,0.1,568.4,7.228634946,203.0,304.6,381.0,442.4,494.8,6.28,81.4,1.033882708,42.4,71.8,78.2,79.0,79.8,1.8,26.2,0.3330258826,22.0,24.6,25.4,26.2,26.2,0.6,55.2,0.7008568287999999,36.4,53.6,55.2,55.2,55.2,1.2,7.200195312,6.1635742,17.459076359999997,22.95669306,-619.2644638,43.741666720000005,23378.965,5.40879577552e-16,-2.52387626454,0.277651419382,0.92,-1.560525423337286
DAB006820,-3448.938312,-1.12,480.5086786,-5216.597234,-6230.511686,32.078501540000005,-614.26565772,0.0,116.8853302,39.62286806,2152.10087,-1013.9144398,14.87393262,70.27039782,119.3689854,-72.66757364,124.658849,80.61052874,0.59028566,0.5933993936,0.04,1.66,0.0,5.14,770.6399825999999,770.6399825999999,-242.6794154,1.56465662,-108.03271872,1.2826560174,9.6540003,4.355,11.768083569999998,6.250031028,2.198132368,4.04,-3.26600174,3389.811394,6021.132862,9848.03347,10.0,17.0,17.0,11.0,7.0,9.0,71.0,-2.719069392,41620.0,1.066419394e-06,3.858189846e-11,95.867409,333.7291392,0.5694420748,0.66,-4.221755538,4.21276591,1.002816502,435.7426116,25.21459686,-13.561969514,-4.040511948,347.8,132.8,219.0,279.4,321.6,342.8,4.28,68.6,53.0,67.8,68.6,68.6,68.6,1.16,68.6,53.0,67.8,68.6,68.6,68.6,1.16,0.0,0.0,0.0,0.0,0.0,0.0,0.0,646.0,8.13269037,142.0,255.6,351.2,429.2,495.8,7.76,111.2,1.3987163752,58.4,91.2,107.2,111.2,111.2,2.16,87.6,1.1021334598,56.4,82.8,87.6,87.6,87.6,1.62,23.6,0.2965829202,20.4,22.8,23.6,23.6,23.6,0.54,4.462402344,5.0209961,17.25640092,22.99812666,-610.1315634,46.62978722,23087.1,4.5026079083999996e-15,-26.14257316,1.66091497,1.22,1.8053768755367268
DAB005026,-3170.909636734694,-1.7346938775510203,456.5122469387755,-4876.500781632653,-5840.551140816327,34.22007573469388,-709.8140510204082,0.0,117.46100244897958,47.88898924081632,2061.4481653061225,-964.050363877551,15.337148367346938,69.30839055102041,121.09564755102042,-74.0713901632653,126.85240591836735,80.84380006122448,0.59090835,0.5790226557142857,0.0204081632653061,1.6938775510204085,0.0,6.448979591836735,986.5233340816326,986.5233340816326,-232.4476063265306,1.441018224489796,-134.56305591836735,1.516093193877551,6.8119998,2.783,13.090944373469387,8.15254704489796,2.2035500775510206,4.530612244897959,-1.5005432985714284,3410.117512244898,5872.860148979592,9710.202973469388,10.0,17.0,13.0,11.0,7.0,9.0,67.0,-3.4477185081632657,53080.0,1.0762286959183673e-06,3.8230531244897964e-11,95.867409,405.05328530612246,0.5140145865306123,-3.0816326530612246,-1.856201156530612,2.9949642061224493,1.002771087755102,298.4945797959184,25.13867936734694,-6.290484969387755,-1.8541615502040816,386.530612244898,155.30612244897958,248.9795918367347,324.4897959183673,367.9591836734694,381.2244897959184,4.040816326530612,18.571428571428573,15.918367346938776,17.755102040816325,18.571428571428573,18.571428571428573,18.571428571428573,0.4285714285714285,15.918367346938776,14.285714285714286,15.918367346938776,15.918367346938776,15.918367346938776,15.918367346938776,0.3673469387755102,2.653061224489796,2.653061224489796,2.653061224489796,2.653061224489796,2.653061224489796,2.653061224489796,0.0612244897959183,648.1632653061224,8.309367708163265,169.18367346938774,292.85714285714283,392.2448979591837,474.48979591836735,543.265306122449,6.918367346938775,59.795918367346935,0.767632169387755,34.285714285714285,48.775510204081634,55.71428571428572,58.97959183673469,59.795918367346935,1.4081632653061225,23.46938775510204,0.3002119328571428,18.571428571428573,22.6530612244898,23.46938775510204,23.46938775510204,23.46938775510204,0.5510204081632653,36.326530612244895,0.4674202365306122,28.571428571428573,33.87755102040816,36.326530612244895,36.326530612244895,36.326530612244895,0.8571428571428571,6.772610408163265,6.0874023,17.09491087755102,22.788681959183677,-600.6226057142857,47.84874989795918,22968.410714285717,2.0563978936734693e-15,-12.126351257142856,0.6241467524489795,1.4285714285714286,0.4587076884475741
DAB006762,-3640.648686,-4.12,424.9775658,-5288.009946,-6236.415796,38.96399896,-775.2181678,0.0,123.6472278,45.011654584,2008.178296,-948.4058026,15.29550062,67.39805559999999,117.6960512,-71.93850687999999,121.5495832,81.35933264,0.61758143,0.4815234036,0.0,2.38,0.0,5.88,822.9971972,822.9971972,-233.8763618,0.9769894776,-113.28571416,0.8159449046,4.2579999,-0.317,11.899969502,7.062612744000001,2.203437922,3.24,-0.3470299719876,3411.240444,5674.742912,9502.712376,10.0,17.0,7.0,11.0,7.0,9.0,61.0,-1.376908438,46660.0,1.08757604e-06,3.783225002e-11,95.867409,252.9303286,0.4613640209999999,-0.56,-0.3029934881559999,2.613333388,1.002719922,203.2670146,24.27252648,-1.4681065869560002,-0.43105355021678,309.2,103.0,180.6,243.0,287.6,307.2,4.14,40.0,29.2,38.4,40.0,40.0,40.0,0.88,19.2,16.8,19.2,19.2,19.2,19.2,0.44,20.8,20.0,20.8,20.8,20.8,20.8,0.44,558.6,7.310372558,135.4,239.8,325.0,399.6,461.8,6.76,90.8,1.1893994034000002,43.0,69.8,85.2,90.0,90.8,1.98,36.0,0.4724296705999999,26.8,36.0,36.0,36.0,36.0,0.78,54.8,0.716969738,34.8,48.2,53.2,54.8,54.8,1.2,7.192871098,6.5512695,17.0516213,22.551271980000003,-580.2147754,46.07999986,22159.3375,5.865232449642e-16,-2.830237546164,0.1287403524008,1.66,0.0805016761137457
DAB005019,-3843.523298,-2.12,428.600728,-5502.51098,-6474.87716,34.62925502,-808.6634236,0.0,126.1161682,36.700730068000006,2042.007744,-972.3661994,15.12062962,69.2583833,116.43135,-66.47723196,122.453448,76.43127812,0.5985108,0.5795314242,0.0,1.3,0.0,5.02,874.1310632000001,874.1310632000001,-212.1033982,1.436118264,-116.94800916,1.5643892199999998,3.6760001,0.2189999999999999,10.973274384000002,7.975084935999999,2.247268036,2.64,5.718454186,3390.94583,6000.2576340000005,9770.951684,10.0,17.0,9.0,11.0,7.0,9.0,63.0,3.844989656,50100.0,1.07293742e-06,3.834780572e-11,95.867409,300.7922694,0.5082936558,-2.1,8.035283638,3.52422908,1.00278621,388.4063292,24.9695367,23.89256212,7.062442474000001,387.6,149.8,245.6,316.0,366.6,384.6,4.08,16.8,16.0,16.8,16.8,16.8,16.8,0.38,0.0,0.0,0.0,0.0,0.0,0.0,0.0,16.8,16.0,16.8,16.8,16.8,16.8,0.38,565.4,7.226542484,158.0,281.2,373.8,447.0,504.4,6.04,69.2,0.8818624214,37.2,58.0,64.4,66.8,68.4,1.58,2.4,0.0303135965999999,2.4,2.4,2.4,2.4,2.4,0.06,66.8,0.8515488222,37.2,57.2,62.8,65.2,66.8,1.52,9.29199219,9.1000977,17.16293616,22.85858746,-592.7300326,47.44493372,22829.3525,7.258288544e-15,46.05762992,2.1883763446,1.3,0.3083818897170023
DAB006693,-3579.466182,-1.92,446.0121604,-5292.797904000001,-6270.880112,33.60500086,-551.3699654,0.0,118.2355454,34.369549474,2093.561214,-978.0821946,15.18624022,70.3841798,122.4518184,-68.43526630000001,124.6256108,79.67718617999999,0.58484739,0.4850743566,0.02,1.72,0.0,4.4,897.1065604,897.1065604,-223.5748152,0.9780360376,-117.53156022,0.9381123296,4.8530002,2.1359999,8.52344306,4.4160944164,2.182363886,2.6,4.2276298400000005,3516.559554,5695.218388,9612.979402,10.0,17.0,11.0,11.0,7.0,8.0,64.0,0.8659619470302,43110.0,1.0821327e-06,3.8021927740000005e-11,95.867409,227.571309,0.5049440776,-0.66,6.0257399320000005,3.394736818,1.002744218,282.4704784,24.85355906,17.818572879999998,5.213434454,216.4,125.2,179.6,205.0,214.4,216.4,2.48,20.0,17.4,19.2,20.0,20.0,20.0,0.44,0.8,0.8,0.8,0.8,0.8,0.8,0.02,19.2,16.6,18.4,19.2,19.2,19.2,0.42,435.6,5.646155784,150.0,260.2,329.0,376.2,410.2,4.96,63.8,0.8261483432,32.4,49.8,57.2,60.6,62.2,1.48,6.4,0.0834493568,6.4,6.4,6.4,6.4,6.4,0.16,57.4,0.7426989862000001,31.6,45.8,50.8,54.2,55.8,1.32,9.004296876,8.4116211,17.16617492,22.66433614,-590.6465184,48.4473684,22696.9375,6.201153154e-15,34.3502879,1.3406980882,1.66,0.739308175893357
DAB006729,-3347.407514,-4.1,435.0470624,-4988.467466,-6011.255896,33.40472366,-631.9678242,0.0,116.1875988,40.902175394,2079.208988,-1022.7884608,14.278803580000002,73.53693328,114.5185348,-74.0970788,122.6531904,73.51287764,0.58874273,0.5542118580000001,0.02,1.06,0.0,5.68,995.31623,995.31623,-267.320852,1.427132412,-130.5669634,0.7025816829999999,9.0220003,3.4590001,11.83020377,7.425040527999999,2.18036601,4.04,1.8270202376,3553.384866,5592.34112,9530.652298,10.0,17.0,13.0,10.0,7.0,9.0,66.0,0.34122657416,57090.0,1.08273335e-06,3.80004779e-11,95.867409,249.84501202,0.5249524774000001,-0.2,2.671298066,3.234782666,1.002741446,328.63562340000004,25.08650048,7.70266538,2.2513341702,330.6,277.0,321.4,329.6,330.6,330.6,1.92,44.4,34.4,42.0,44.4,44.4,44.4,1.0,17.0,17.0,17.0,17.0,17.0,17.0,0.4,27.4,23.4,27.4,27.4,27.4,27.4,0.6,568.2,7.40946316,277.0,394.6,468.2,518.4,549.0,4.84,73.2,0.9521424814,41.8,63.6,71.6,73.2,73.2,1.64,21.6,0.2805490984,19.0,20.8,21.6,21.6,21.6,0.5,51.6,0.6715933802,36.0,48.4,51.6,51.6,51.6,1.14,8.365039066000001,7.5180664,17.06941134,22.65155014,-601.4412686,50.852174080000005,22949.0825,2.360309694e-15,14.849064334,0.60837648828,1.46,0.4997421759734983
